ID_CZAS;ID_MIEJSCE;ID_ZMIENNA;ID_JEDNOSTKA_MIARY;WARTOŚĆ;id_czas_pk;rok;kwartal;kwartal_nazwa;miesiac;miesiac_nazwa;id_jednostka_miary_pk;nazwa_jednostki_miary;symbol_jednostki_miary;opis_jednostki_miary;mnoznik_jednostki_miary;id_miejsce_pk;region;odcinek_granicy;przejście_graniczne;id_zmienna_pk;nazwa_zmiennej;rodzaj_zmiennej;opis
101;1;1;1;21 445;101;2024;1;Kwartał I;1;styczeń;1;sztuka;szt.;liczba pojazdów;1;1;południowo-wschodni;Ukraina;Budomierz – Hruszew;1;ruch graniczny;liczbowa;ruch graniczny w drogowych przejściach granicznych
101;2;1;1;24594;101;2024;1;Kwartał I;1;styczeń;1;sztuka;szt.;liczba pojazdów;1;2;południowo-wschodni;Ukraina;Dołhobyczów – Uhrynów;1;ruch graniczny;liczbowa;ruch graniczny w drogowych przejściach granicznych
101;3;1;1;23574;101;2024;1;Kwartał I;1;styczeń;1;sztuka;szt.;liczba pojazdów;1;3;południowo-wschodni;Ukraina;Dorohusk – Jagodzin;1;ruch graniczny;liczbowa;ruch graniczny w drogowych przejściach granicznych
101;4;1;1;38430;101;2024;1;Kwartał I;1;styczeń;1;sztuka;szt.;liczba pojazdów;1;4;południowo-wschodni;Ukraina;Hrebenne – Rawa Ruska;1;ruch graniczny;liczbowa;ruch graniczny w drogowych przejściach granicznych
101;5;1;1;61 015;101;2024;1;Kwartał I;1;styczeń;1;sztuka;szt.;liczba pojazdów;1;5;południowo-wschodni;Ukraina;Korczowa – Krakowiec;1;ruch graniczny;liczbowa;ruch graniczny w drogowych przejściach granicznych
101;6;1;1;15 163;101;2024;1;Kwartał I;1;styczeń;1;sztuka;szt.;liczba pojazdów;1;6;południowo-wschodni;Ukraina;Krościenko – Smolnica;1;ruch graniczny;liczbowa;ruch graniczny w drogowych przejściach granicznych
101;7;1;1;5 485;101;2024;1;Kwartał I;1;styczeń;1;sztuka;szt.;liczba pojazdów;1;7;południowo-wschodni;Ukraina;Malhowice – Niżankowice;1;ruch graniczny;liczbowa;ruch graniczny w drogowych przejściach granicznych
101;8;1;1;64 816;101;2024;1;Kwartał I;1;styczeń;1;sztuka;szt.;liczba pojazdów;1;8;południowo-wschodni;Ukraina;Medyka – Szeginie;1;ruch graniczny;liczbowa;ruch graniczny w drogowych przejściach granicznych
101;9;1;1;26 533;101;2024;1;Kwartał I;1;styczeń;1;sztuka;szt.;liczba pojazdów;1;9;południowo-wschodni;Ukraina;Zosin – Ustiług;1;ruch graniczny;liczbowa;ruch graniczny w drogowych przejściach granicznych
101;10;1;1;0;101;2024;1;Kwartał I;1;styczeń;1;sztuka;szt.;liczba pojazdów;1;10;wschodni;Białoruś;Bobrowniki – Bierestowica;1;ruch graniczny;liczbowa;ruch graniczny w drogowych przejściach granicznych
101;11;1;1;36 026;101;2024;1;Kwartał I;1;styczeń;1;sztuka;szt.;liczba pojazdów;1;11;wschodni;Białoruś;Kukuryki – Kozłowiczy;1;ruch graniczny;liczbowa;ruch graniczny w drogowych przejściach granicznych
101;12;1;1;0;101;2024;1;Kwartał I;1;styczeń;1;sztuka;szt.;liczba pojazdów;1;12;wschodni;Białoruś;Kuźnica – Bruzgi;1;ruch graniczny;liczbowa;ruch graniczny w drogowych przejściach granicznych
101;13;1;1;0;101;2024;1;Kwartał I;1;styczeń;1;sztuka;szt.;liczba pojazdów;1;13;wschodni;Białoruś;Lipszczany – Sofijewo *);1;ruch graniczny;liczbowa;ruch graniczny w drogowych przejściach granicznych
101;14;1;1;0;101;2024;1;Kwartał I;1;styczeń;1;sztuka;szt.;liczba pojazdów;1;14;wschodni;Białoruś;Połowce – Pieszczatka;1;ruch graniczny;liczbowa;ruch graniczny w drogowych przejściach granicznych
101;15;1;1;0;101;2024;1;Kwartał I;1;styczeń;1;sztuka;szt.;liczba pojazdów;1;15;wschodni;Białoruś;Sławatycze – Domaczewo;1;ruch graniczny;liczbowa;ruch graniczny w drogowych przejściach granicznych
101;16;1;1;45 949;101;2024;1;Kwartał I;1;styczeń;1;sztuka;szt.;liczba pojazdów;1;16;wschodni;Białoruś;Terespol – Brześć;1;ruch graniczny;liczbowa;ruch graniczny w drogowych przejściach granicznych
101;17;1;1;2 395;101;2024;1;Kwartał I;1;styczeń;1;sztuka;szt.;liczba pojazdów;1;17;północny;Rosja;Bezledy – Bagrationowsk;1;ruch graniczny;liczbowa;ruch graniczny w drogowych przejściach granicznych
101;18;1;1;0;101;2024;1;Kwartał I;1;styczeń;1;sztuka;szt.;liczba pojazdów;1;18;północny;Rosja;Gołdap – Gusiew;1;ruch graniczny;liczbowa;ruch graniczny w drogowych przejściach granicznych
101;19;1;1;0;101;2024;1;Kwartał I;1;styczeń;1;sztuka;szt.;liczba pojazdów;1;19;północny;Rosja;Gronowo – Mamonowo;1;ruch graniczny;liczbowa;ruch graniczny w drogowych przejściach granicznych
101;20;1;1;16 498;101;2024;1;Kwartał I;1;styczeń;1;sztuka;szt.;liczba pojazdów;1;20;północny;Rosja;Grzechotki – Mamonowo II;1;ruch graniczny;liczbowa;ruch graniczny w drogowych przejściach granicznych
101;21;1;1;0;101;2024;1;Kwartał I;1;styczeń;1;sztuka;szt.;liczba pojazdów;1;21;północny;Rosja;Michałkowo – Żeleznodorożnyj ;1;ruch graniczny;liczbowa;ruch graniczny w drogowych przejściach granicznych
102;1;1;1;20 923;102;2024;1;Kwartał I;2;luty ;1;sztuka;szt.;liczba pojazdów;1;1;południowo-wschodni;Ukraina;Budomierz – Hruszew;1;ruch graniczny;liczbowa;ruch graniczny w drogowych przejściach granicznych
102;2;1;1;16 636;102;2024;1;Kwartał I;2;luty ;1;sztuka;szt.;liczba pojazdów;1;2;południowo-wschodni;Ukraina;Dołhobyczów – Uhrynów;1;ruch graniczny;liczbowa;ruch graniczny w drogowych przejściach granicznych
102;3;1;1;15 230;102;2024;1;Kwartał I;2;luty;1;sztuka;szt.;liczba pojazdów;1;3;południowo-wschodni;Ukraina;Dorohusk – Jagodzin;1;ruch graniczny;liczbowa;ruch graniczny w drogowych przejściach granicznych
102;4;1;1;34 148;102;2024;1;Kwartał I;2;luty;1;sztuka;szt.;liczba pojazdów;1;4;południowo-wschodni;Ukraina;Hrebenne – Rawa Ruska;1;ruch graniczny;liczbowa;ruch graniczny w drogowych przejściach granicznych
102;5;1;1;61 085;102;2024;1;Kwartał I;2;luty;1;sztuka;szt.;liczba pojazdów;1;5;południowo-wschodni;Ukraina;Korczowa – Krakowiec;1;ruch graniczny;liczbowa;ruch graniczny w drogowych przejściach granicznych
102;6;1;1;14 476;102;2024;1;Kwartał I;2;luty;1;sztuka;szt.;liczba pojazdów;1;6;południowo-wschodni;Ukraina;Krościenko – Smolnica;1;ruch graniczny;liczbowa;ruch graniczny w drogowych przejściach granicznych
102;7;1;1;5 719;102;2024;1;Kwartał I;2;luty;1;sztuka;szt.;liczba pojazdów;1;7;południowo-wschodni;Ukraina;Malhowice – Niżankowice;1;ruch graniczny;liczbowa;ruch graniczny w drogowych przejściach granicznych
102;8;1;1;56 591;102;2024;1;Kwartał I;2;luty;1;sztuka;szt.;liczba pojazdów;1;8;południowo-wschodni;Ukraina;Medyka – Szeginie;1;ruch graniczny;liczbowa;ruch graniczny w drogowych przejściach granicznych
102;9;1;1;24 252;102;2024;1;Kwartał I;2;luty;1;sztuka;szt.;liczba pojazdów;1;9;południowo-wschodni;Ukraina;Zosin – Ustiług;1;ruch graniczny;liczbowa;ruch graniczny w drogowych przejściach granicznych
102;10;1;1;0;102;2024;1;Kwartał I;2;luty;1;sztuka;szt.;liczba pojazdów;1;10;wschodni;Białoruś;Bobrowniki – Bierestowica;1;ruch graniczny;liczbowa;ruch graniczny w drogowych przejściach granicznych
102;11;1;1;44 044;102;2024;1;Kwartał I;2;luty;1;sztuka;szt.;liczba pojazdów;1;11;wschodni;Białoruś;Kukuryki – Kozłowiczy;1;ruch graniczny;liczbowa;ruch graniczny w drogowych przejściach granicznych
102;12;1;1;0;102;2024;1;Kwartał I;2;luty;1;sztuka;szt.;liczba pojazdów;1;12;wschodni;Białoruś;Kuźnica – Bruzgi;1;ruch graniczny;liczbowa;ruch graniczny w drogowych przejściach granicznych
102;13;1;1;0;102;2024;1;Kwartał I;2;luty;1;sztuka;szt.;liczba pojazdów;1;13;wschodni;Białoruś;Lipszczany – Sofijewo *);1;ruch graniczny;liczbowa;ruch graniczny w drogowych przejściach granicznych
102;14;1;1;0;102;2024;1;Kwartał I;2;luty;1;sztuka;szt.;liczba pojazdów;1;14;wschodni;Białoruś;Połowce – Pieszczatka;1;ruch graniczny;liczbowa;ruch graniczny w drogowych przejściach granicznych
102;15;1;1;0;102;2024;1;Kwartał I;2;luty;1;sztuka;szt.;liczba pojazdów;1;15;wschodni;Białoruś;Sławatycze – Domaczewo;1;ruch graniczny;liczbowa;ruch graniczny w drogowych przejściach granicznych
102;16;1;1;45 809;102;2024;1;Kwartał I;2;luty;1;sztuka;szt.;liczba pojazdów;1;16;wschodni;Białoruś;Terespol – Brześć;1;ruch graniczny;liczbowa;ruch graniczny w drogowych przejściach granicznych
102;17;1;1;2 237;102;2024;1;Kwartał I;2;luty;1;sztuka;szt.;liczba pojazdów;1;17;północny;Rosja;Bezledy – Bagrationowsk;1;ruch graniczny;liczbowa;ruch graniczny w drogowych przejściach granicznych
102;18;1;1;0;102;2024;1;Kwartał I;2;luty;1;sztuka;szt.;liczba pojazdów;1;18;północny;Rosja;Gołdap – Gusiew;1;ruch graniczny;liczbowa;ruch graniczny w drogowych przejściach granicznych
102;19;1;1;0;102;2024;1;Kwartał I;2;luty;1;sztuka;szt.;liczba pojazdów;1;19;północny;Rosja;Gronowo – Mamonowo;1;ruch graniczny;liczbowa;ruch graniczny w drogowych przejściach granicznych
102;20;1;1;15 587;102;2024;1;Kwartał I;2;luty;1;sztuka;szt.;liczba pojazdów;1;20;północny;Rosja;Grzechotki – Mamonowo II;1;ruch graniczny;liczbowa;ruch graniczny w drogowych przejściach granicznych
102;21;1;1;0;102;2024;1;Kwartał I;2;luty;1;sztuka;szt.;liczba pojazdów;1;21;północny;Rosja;Michałkowo – Żeleznodorożnyj ;1;ruch graniczny;liczbowa;ruch graniczny w drogowych przejściach granicznych
103;1;1;1;24 763;103;2024;1;Kwartał I;3;marzec;1;sztuka;szt.;liczba pojazdów;1;1;południowo-wschodni;Ukraina;Budomierz – Hruszew;1;ruch graniczny;liczbowa;ruch graniczny w drogowych przejściach granicznych
103;2;1;1;16 960;103;2024;1;Kwartał I;3;marzec;1;sztuka;szt.;liczba pojazdów;1;2;południowo-wschodni;Ukraina;Dołhobyczów – Uhrynów;1;ruch graniczny;liczbowa;ruch graniczny w drogowych przejściach granicznych
103;3;1;1;5 023;103;2024;1;Kwartał I;3;marzec;1;sztuka;szt.;liczba pojazdów;1;3;południowo-wschodni;Ukraina;Dorohusk – Jagodzin;1;ruch graniczny;liczbowa;ruch graniczny w drogowych przejściach granicznych
103;4;1;1;37 696;103;2024;1;Kwartał I;3;marzec;1;sztuka;szt.;liczba pojazdów;1;4;południowo-wschodni;Ukraina;Hrebenne – Rawa Ruska;1;ruch graniczny;liczbowa;ruch graniczny w drogowych przejściach granicznych
103;5;1;1;73 147;103;2024;1;Kwartał I;3;marzec;1;sztuka;szt.;liczba pojazdów;1;5;południowo-wschodni;Ukraina;Korczowa – Krakowiec;1;ruch graniczny;liczbowa;ruch graniczny w drogowych przejściach granicznych
103;6;1;1;16 886;103;2024;1;Kwartał I;3;marzec;1;sztuka;szt.;liczba pojazdów;1;6;południowo-wschodni;Ukraina;Krościenko – Smolnica;1;ruch graniczny;liczbowa;ruch graniczny w drogowych przejściach granicznych
103;7;1;1;6 719;103;2024;1;Kwartał I;3;marzec;1;sztuka;szt.;liczba pojazdów;1;7;południowo-wschodni;Ukraina;Malhowice – Niżankowice;1;ruch graniczny;liczbowa;ruch graniczny w drogowych przejściach granicznych
103;8;1;1;67 635;103;2024;1;Kwartał I;3;marzec;1;sztuka;szt.;liczba pojazdów;1;8;południowo-wschodni;Ukraina;Medyka – Szeginie;1;ruch graniczny;liczbowa;ruch graniczny w drogowych przejściach granicznych
103;9;1;1;29 075;103;2024;1;Kwartał I;3;marzec;1;sztuka;szt.;liczba pojazdów;1;9;południowo-wschodni;Ukraina;Zosin – Ustiług;1;ruch graniczny;liczbowa;ruch graniczny w drogowych przejściach granicznych
103;10;1;1;0;103;2024;1;Kwartał I;3;marzec;1;sztuka;szt.;liczba pojazdów;1;10;wschodni;Białoruś;Bobrowniki – Bierestowica;1;ruch graniczny;liczbowa;ruch graniczny w drogowych przejściach granicznych
103;11;1;1;45 431;103;2024;1;Kwartał I;3;marzec;1;sztuka;szt.;liczba pojazdów;1;11;wschodni;Białoruś;Kukuryki – Kozłowiczy;1;ruch graniczny;liczbowa;ruch graniczny w drogowych przejściach granicznych
103;12;1;1;0;103;2024;1;Kwartał I;3;marzec;1;sztuka;szt.;liczba pojazdów;1;12;wschodni;Białoruś;Kuźnica – Bruzgi;1;ruch graniczny;liczbowa;ruch graniczny w drogowych przejściach granicznych
103;13;1;1;0;103;2024;1;Kwartał I;3;marzec;1;sztuka;szt.;liczba pojazdów;1;13;wschodni;Białoruś;Lipszczany – Sofijewo *);1;ruch graniczny;liczbowa;ruch graniczny w drogowych przejściach granicznych
103;14;1;1;0;103;2024;1;Kwartał I;3;marzec;1;sztuka;szt.;liczba pojazdów;1;14;wschodni;Białoruś;Połowce – Pieszczatka;1;ruch graniczny;liczbowa;ruch graniczny w drogowych przejściach granicznych
103;15;1;1;0;103;2024;1;Kwartał I;3;marzec;1;sztuka;szt.;liczba pojazdów;1;15;wschodni;Białoruś;Sławatycze – Domaczewo;1;ruch graniczny;liczbowa;ruch graniczny w drogowych przejściach granicznych
103;16;1;1;46 675;103;2024;1;Kwartał I;3;marzec;1;sztuka;szt.;liczba pojazdów;1;16;wschodni;Białoruś;Terespol – Brześć;1;ruch graniczny;liczbowa;ruch graniczny w drogowych przejściach granicznych
103;17;1;1;4 079;103;2024;1;Kwartał I;3;marzec;1;sztuka;szt.;liczba pojazdów;1;17;północny;Rosja;Bezledy – Bagrationowsk;1;ruch graniczny;liczbowa;ruch graniczny w drogowych przejściach granicznych
103;18;1;1;0;103;2024;1;Kwartał I;3;marzec;1;sztuka;szt.;liczba pojazdów;1;18;północny;Rosja;Gołdap – Gusiew;1;ruch graniczny;liczbowa;ruch graniczny w drogowych przejściach granicznych
103;19;1;1;0;103;2024;1;Kwartał I;3;marzec;1;sztuka;szt.;liczba pojazdów;1;19;północny;Rosja;Gronowo – Mamonowo;1;ruch graniczny;liczbowa;ruch graniczny w drogowych przejściach granicznych
103;20;1;1;15 943;103;2024;1;Kwartał I;3;marzec;1;sztuka;szt.;liczba pojazdów;1;20;północny;Rosja;Grzechotki – Mamonowo II;1;ruch graniczny;liczbowa;ruch graniczny w drogowych przejściach granicznych
103;21;1;1;0;103;2024;1;Kwartał I;3;marzec;1;sztuka;szt.;liczba pojazdów;1;21;północny;Rosja;Michałkowo – Żeleznodorożnyj ;1;ruch graniczny;liczbowa;ruch graniczny w drogowych przejściach granicznych
204;1;1;1;24 273;204;2024;2;Kwartał II;4;kwiecień;1;sztuka;szt.;liczba pojazdów;1;1;południowo-wschodni;Ukraina;Budomierz – Hruszew;1;ruch graniczny;liczbowa;ruch graniczny w drogowych przejściach granicznych
204;2;1;1;18 857;204;2024;2;Kwartał II;4;kwiecień;1;sztuka;szt.;liczba pojazdów;1;2;południowo-wschodni;Ukraina;Dołhobyczów – Uhrynów;1;ruch graniczny;liczbowa;ruch graniczny w drogowych przejściach granicznych
204;3;1;1;14 988;204;2024;2;Kwartał II;4;kwiecień;1;sztuka;szt.;liczba pojazdów;1;3;południowo-wschodni;Ukraina;Dorohusk – Jagodzin;1;ruch graniczny;liczbowa;ruch graniczny w drogowych przejściach granicznych
204;4;1;1;38 196;204;2024;2;Kwartał II;4;kwiecień;1;sztuka;szt.;liczba pojazdów;1;4;południowo-wschodni;Ukraina;Hrebenne – Rawa Ruska;1;ruch graniczny;liczbowa;ruch graniczny w drogowych przejściach granicznych
204;5;1;1;71 274;204;2024;2;Kwartał II;4;kwiecień;1;sztuka;szt.;liczba pojazdów;1;5;południowo-wschodni;Ukraina;Korczowa – Krakowiec;1;ruch graniczny;liczbowa;ruch graniczny w drogowych przejściach granicznych
204;6;1;1;16 694;204;2024;2;Kwartał II;4;kwiecień;1;sztuka;szt.;liczba pojazdów;1;6;południowo-wschodni;Ukraina;Krościenko – Smolnica;1;ruch graniczny;liczbowa;ruch graniczny w drogowych przejściach granicznych
204;7;1;1;5916;204;2024;2;Kwartał II;4;kwiecień;1;sztuka;szt.;liczba pojazdów;1;7;południowo-wschodni;Ukraina;Malhowice – Niżankowice;1;ruch graniczny;liczbowa;ruch graniczny w drogowych przejściach granicznych
204;8;1;1;73269;204;2024;2;Kwartał II;4;kwiecień;1;sztuka;szt.;liczba pojazdów;1;8;południowo-wschodni;Ukraina;Medyka – Szeginie;1;ruch graniczny;liczbowa;ruch graniczny w drogowych przejściach granicznych
204;9;1;1;31557;204;2024;2;Kwartał II;4;kwiecień;1;sztuka;szt.;liczba pojazdów;1;9;południowo-wschodni;Ukraina;Zosin – Ustiług;1;ruch graniczny;liczbowa;ruch graniczny w drogowych przejściach granicznych
204;10;1;1;0;204;2024;2;Kwartał II;4;kwiecień;1;sztuka;szt.;liczba pojazdów;1;10;wschodni;Białoruś;Bobrowniki – Bierestowica;1;ruch graniczny;liczbowa;ruch graniczny w drogowych przejściach granicznych
204;11;1;1;42723;204;2024;2;Kwartał II;4;kwiecień;1;sztuka;szt.;liczba pojazdów;1;11;wschodni;Białoruś;Kukuryki – Kozłowiczy;1;ruch graniczny;liczbowa;ruch graniczny w drogowych przejściach granicznych
204;12;1;1;0;204;2024;2;Kwartał II;4;kwiecień;1;sztuka;szt.;liczba pojazdów;1;12;wschodni;Białoruś;Kuźnica – Bruzgi;1;ruch graniczny;liczbowa;ruch graniczny w drogowych przejściach granicznych
204;13;1;1;0;204;2024;2;Kwartał II;4;kwiecień;1;sztuka;szt.;liczba pojazdów;1;13;wschodni;Białoruś;Lipszczany – Sofijewo *);1;ruch graniczny;liczbowa;ruch graniczny w drogowych przejściach granicznych
204;14;1;1;0;204;2024;2;Kwartał II;4;kwiecień;1;sztuka;szt.;liczba pojazdów;1;14;wschodni;Białoruś;Połowce – Pieszczatka;1;ruch graniczny;liczbowa;ruch graniczny w drogowych przejściach granicznych
204;15;1;1;0;204;2024;2;Kwartał II;4;kwiecień;1;sztuka;szt.;liczba pojazdów;1;15;wschodni;Białoruś;Sławatycze – Domaczewo;1;ruch graniczny;liczbowa;ruch graniczny w drogowych przejściach granicznych
204;16;1;1;42013;204;2024;2;Kwartał II;4;kwiecień;1;sztuka;szt.;liczba pojazdów;1;16;wschodni;Białoruś;Terespol – Brześć;1;ruch graniczny;liczbowa;ruch graniczny w drogowych przejściach granicznych
204;17;1;1;2984;204;2024;2;Kwartał II;4;kwiecień;1;sztuka;szt.;liczba pojazdów;1;17;północny;Rosja;Bezledy – Bagrationowsk;1;ruch graniczny;liczbowa;ruch graniczny w drogowych przejściach granicznych
204;18;1;1;0;204;2024;2;Kwartał II;4;kwiecień;1;sztuka;szt.;liczba pojazdów;1;18;północny;Rosja;Gołdap – Gusiew;1;ruch graniczny;liczbowa;ruch graniczny w drogowych przejściach granicznych
204;19;1;1;0;204;2024;2;Kwartał II;4;kwiecień;1;sztuka;szt.;liczba pojazdów;1;19;północny;Rosja;Gronowo – Mamonowo;1;ruch graniczny;liczbowa;ruch graniczny w drogowych przejściach granicznych
204;20;1;1;17136;204;2024;2;Kwartał II;4;kwiecień;1;sztuka;szt.;liczba pojazdów;1;20;północny;Rosja;Grzechotki – Mamonowo II;1;ruch graniczny;liczbowa;ruch graniczny w drogowych przejściach granicznych
204;21;1;1;0;204;2024;2;Kwartał II;4;kwiecień;1;sztuka;szt.;liczba pojazdów;1;21;północny;Rosja;Michałkowo – Żeleznodorożnyj ;1;ruch graniczny;liczbowa;ruch graniczny w drogowych przejściach granicznych
205;1;1;1;19313;205;2024;2;Kwartał II;5;maj;1;sztuka;szt.;liczba pojazdów;1;1;południowo-wschodni;Ukraina;Budomierz – Hruszew;1;ruch graniczny;liczbowa;ruch graniczny w drogowych przejściach granicznych
205;2;1;1;19237;205;2024;2;Kwartał II;5;maj;1;sztuka;szt.;liczba pojazdów;1;2;południowo-wschodni;Ukraina;Dołhobyczów – Uhrynów;1;ruch graniczny;liczbowa;ruch graniczny w drogowych przejściach granicznych
205;3;1;1;36799;205;2024;2;Kwartał II;5;maj;1;sztuka;szt.;liczba pojazdów;1;3;południowo-wschodni;Ukraina;Dorohusk – Jagodzin;1;ruch graniczny;liczbowa;ruch graniczny w drogowych przejściach granicznych
205;4;1;1;40065;205;2024;2;Kwartał II;5;maj;1;sztuka;szt.;liczba pojazdów;1;4;południowo-wschodni;Ukraina;Hrebenne – Rawa Ruska;1;ruch graniczny;liczbowa;ruch graniczny w drogowych przejściach granicznych
205;5;1;1;70257;205;2024;2;Kwartał II;5;maj;1;sztuka;szt.;liczba pojazdów;1;5;południowo-wschodni;Ukraina;Korczowa – Krakowiec;1;ruch graniczny;liczbowa;ruch graniczny w drogowych przejściach granicznych
205;6;1;1;14401;205;2024;2;Kwartał II;5;maj;1;sztuka;szt.;liczba pojazdów;1;6;południowo-wschodni;Ukraina;Krościenko – Smolnica;1;ruch graniczny;liczbowa;ruch graniczny w drogowych przejściach granicznych
205;7;1;1;3351;205;2024;2;Kwartał II;5;maj;1;sztuka;szt.;liczba pojazdów;1;7;południowo-wschodni;Ukraina;Malhowice – Niżankowice;1;ruch graniczny;liczbowa;ruch graniczny w drogowych przejściach granicznych
205;8;1;1;64603;205;2024;2;Kwartał II;5;maj;1;sztuka;szt.;liczba pojazdów;1;8;południowo-wschodni;Ukraina;Medyka – Szeginie;1;ruch graniczny;liczbowa;ruch graniczny w drogowych przejściach granicznych
205;9;1;1;29438;205;2024;2;Kwartał II;5;maj;1;sztuka;szt.;liczba pojazdów;1;9;południowo-wschodni;Ukraina;Zosin – Ustiług;1;ruch graniczny;liczbowa;ruch graniczny w drogowych przejściach granicznych
205;10;1;1;0;205;2024;2;Kwartał II;5;maj;1;sztuka;szt.;liczba pojazdów;1;10;wschodni;Białoruś;Bobrowniki – Bierestowica;1;ruch graniczny;liczbowa;ruch graniczny w drogowych przejściach granicznych
205;11;1;1;43395;205;2024;2;Kwartał II;5;maj;1;sztuka;szt.;liczba pojazdów;1;11;wschodni;Białoruś;Kukuryki – Kozłowiczy;1;ruch graniczny;liczbowa;ruch graniczny w drogowych przejściach granicznych
205;12;1;1;0;205;2024;2;Kwartał II;5;maj;1;sztuka;szt.;liczba pojazdów;1;12;wschodni;Białoruś;Kuźnica – Bruzgi;1;ruch graniczny;liczbowa;ruch graniczny w drogowych przejściach granicznych
205;13;1;1;0;205;2024;2;Kwartał II;5;maj;1;sztuka;szt.;liczba pojazdów;1;13;wschodni;Białoruś;Lipszczany – Sofijewo *);1;ruch graniczny;liczbowa;ruch graniczny w drogowych przejściach granicznych
205;14;1;1;0;205;2024;2;Kwartał II;5;maj;1;sztuka;szt.;liczba pojazdów;1;14;wschodni;Białoruś;Połowce – Pieszczatka;1;ruch graniczny;liczbowa;ruch graniczny w drogowych przejściach granicznych
205;15;1;1;0;205;2024;2;Kwartał II;5;maj;1;sztuka;szt.;liczba pojazdów;1;15;wschodni;Białoruś;Sławatycze – Domaczewo;1;ruch graniczny;liczbowa;ruch graniczny w drogowych przejściach granicznych
205;16;1;1;41475;205;2024;2;Kwartał II;5;maj;1;sztuka;szt.;liczba pojazdów;1;16;wschodni;Białoruś;Terespol – Brześć;1;ruch graniczny;liczbowa;ruch graniczny w drogowych przejściach granicznych
205;17;1;1;3394;205;2024;2;Kwartał II;5;maj;1;sztuka;szt.;liczba pojazdów;1;17;północny;Rosja;Bezledy – Bagrationowsk;1;ruch graniczny;liczbowa;ruch graniczny w drogowych przejściach granicznych
205;18;1;1;0;205;2024;2;Kwartał II;5;maj;1;sztuka;szt.;liczba pojazdów;1;18;północny;Rosja;Gołdap – Gusiew;1;ruch graniczny;liczbowa;ruch graniczny w drogowych przejściach granicznych
205;19;1;1;0;205;2024;2;Kwartał II;5;maj;1;sztuka;szt.;liczba pojazdów;1;19;północny;Rosja;Gronowo – Mamonowo;1;ruch graniczny;liczbowa;ruch graniczny w drogowych przejściach granicznych
205;20;1;1;18632;205;2024;2;Kwartał II;5;maj;1;sztuka;szt.;liczba pojazdów;1;20;północny;Rosja;Grzechotki – Mamonowo II;1;ruch graniczny;liczbowa;ruch graniczny w drogowych przejściach granicznych
205;21;1;1;0;205;2024;2;Kwartał II;5;maj;1;sztuka;szt.;liczba pojazdów;1;21;północny;Rosja;Michałkowo – Żeleznodorożnyj ;1;ruch graniczny;liczbowa;ruch graniczny w drogowych przejściach granicznych
206;1;1;1;20929;206;2024;2;Kwartał II;6;czerwiec;1;sztuka;szt.;liczba pojazdów;1;1;południowo-wschodni;Ukraina;Budomierz – Hruszew;1;ruch graniczny;liczbowa;ruch graniczny w drogowych przejściach granicznych
206;2;1;1;20639;206;2024;2;Kwartał II;6;czerwiec;1;sztuka;szt.;liczba pojazdów;1;2;południowo-wschodni;Ukraina;Dołhobyczów – Uhrynów;1;ruch graniczny;liczbowa;ruch graniczny w drogowych przejściach granicznych
206;3;1;1;37174;206;2024;2;Kwartał II;6;czerwiec;1;sztuka;szt.;liczba pojazdów;1;3;południowo-wschodni;Ukraina;Dorohusk – Jagodzin;1;ruch graniczny;liczbowa;ruch graniczny w drogowych przejściach granicznych
206;4;1;1;39494;206;2024;2;Kwartał II;6;czerwiec;1;sztuka;szt.;liczba pojazdów;1;4;południowo-wschodni;Ukraina;Hrebenne – Rawa Ruska;1;ruch graniczny;liczbowa;ruch graniczny w drogowych przejściach granicznych
206;5;1;1;71427;206;2024;2;Kwartał II;6;czerwiec;1;sztuka;szt.;liczba pojazdów;1;5;południowo-wschodni;Ukraina;Korczowa – Krakowiec;1;ruch graniczny;liczbowa;ruch graniczny w drogowych przejściach granicznych
206;6;1;1;14719;206;2024;2;Kwartał II;6;czerwiec;1;sztuka;szt.;liczba pojazdów;1;6;południowo-wschodni;Ukraina;Krościenko – Smolnica;1;ruch graniczny;liczbowa;ruch graniczny w drogowych przejściach granicznych
206;7;1;1;2396;206;2024;2;Kwartał II;6;czerwiec;1;sztuka;szt.;liczba pojazdów;1;7;południowo-wschodni;Ukraina;Malhowice – Niżankowice;1;ruch graniczny;liczbowa;ruch graniczny w drogowych przejściach granicznych
206;8;1;1;66640;206;2024;2;Kwartał II;6;czerwiec;1;sztuka;szt.;liczba pojazdów;1;8;południowo-wschodni;Ukraina;Medyka – Szeginie;1;ruch graniczny;liczbowa;ruch graniczny w drogowych przejściach granicznych
206;9;1;1;30003;206;2024;2;Kwartał II;6;czerwiec;1;sztuka;szt.;liczba pojazdów;1;9;południowo-wschodni;Ukraina;Zosin – Ustiług;1;ruch graniczny;liczbowa;ruch graniczny w drogowych przejściach granicznych
206;10;1;1;0;206;2024;2;Kwartał II;6;czerwiec;1;sztuka;szt.;liczba pojazdów;1;10;wschodni;Białoruś;Bobrowniki – Bierestowica;1;ruch graniczny;liczbowa;ruch graniczny w drogowych przejściach granicznych
206;11;1;1;40900;206;2024;2;Kwartał II;6;czerwiec;1;sztuka;szt.;liczba pojazdów;1;11;wschodni;Białoruś;Kukuryki – Kozłowiczy;1;ruch graniczny;liczbowa;ruch graniczny w drogowych przejściach granicznych
206;12;1;1;0;206;2024;2;Kwartał II;6;czerwiec;1;sztuka;szt.;liczba pojazdów;1;12;wschodni;Białoruś;Kuźnica – Bruzgi;1;ruch graniczny;liczbowa;ruch graniczny w drogowych przejściach granicznych
206;13;1;1;0;206;2024;2;Kwartał II;6;czerwiec;1;sztuka;szt.;liczba pojazdów;1;13;wschodni;Białoruś;Lipszczany – Sofijewo *);1;ruch graniczny;liczbowa;ruch graniczny w drogowych przejściach granicznych
206;14;1;1;0;206;2024;2;Kwartał II;6;czerwiec;1;sztuka;szt.;liczba pojazdów;1;14;wschodni;Białoruś;Połowce – Pieszczatka;1;ruch graniczny;liczbowa;ruch graniczny w drogowych przejściach granicznych
206;15;1;1;0;206;2024;2;Kwartał II;6;czerwiec;1;sztuka;szt.;liczba pojazdów;1;15;wschodni;Białoruś;Sławatycze – Domaczewo;1;ruch graniczny;liczbowa;ruch graniczny w drogowych przejściach granicznych
206;16;1;1;42163;206;2024;2;Kwartał II;6;czerwiec;1;sztuka;szt.;liczba pojazdów;1;16;wschodni;Białoruś;Terespol – Brześć;1;ruch graniczny;liczbowa;ruch graniczny w drogowych przejściach granicznych
206;17;1;1;3911;206;2024;2;Kwartał II;6;czerwiec;1;sztuka;szt.;liczba pojazdów;1;17;północny;Rosja;Bezledy – Bagrationowsk;1;ruch graniczny;liczbowa;ruch graniczny w drogowych przejściach granicznych
206;18;1;1;0;206;2024;2;Kwartał II;6;czerwiec;1;sztuka;szt.;liczba pojazdów;1;18;północny;Rosja;Gołdap – Gusiew;1;ruch graniczny;liczbowa;ruch graniczny w drogowych przejściach granicznych
206;19;1;1;0;206;2024;2;Kwartał II;6;czerwiec;1;sztuka;szt.;liczba pojazdów;1;19;północny;Rosja;Gronowo – Mamonowo;1;ruch graniczny;liczbowa;ruch graniczny w drogowych przejściach granicznych
206;20;1;1;17376;206;2024;2;Kwartał II;6;czerwiec;1;sztuka;szt.;liczba pojazdów;1;20;północny;Rosja;Grzechotki – Mamonowo II;1;ruch graniczny;liczbowa;ruch graniczny w drogowych przejściach granicznych
206;21;1;1;0;206;2024;2;Kwartał II;6;czerwiec;1;sztuka;szt.;liczba pojazdów;1;21;północny;Rosja;Michałkowo – Żeleznodorożnyj ;1;ruch graniczny;liczbowa;ruch graniczny w drogowych przejściach granicznych
207;1;1;1;26003;207;2024;3;Kwartał III;7;lipiec;1;sztuka;szt.;liczba pojazdów;1;1;południowo-wschodni;Ukraina;Budomierz – Hruszew;1;ruch graniczny;liczbowa;ruch graniczny w drogowych przejściach granicznych
207;2;1;1;24942;207;2024;3;Kwartał III;7;lipiec;1;sztuka;szt.;liczba pojazdów;1;2;południowo-wschodni;Ukraina;Dołhobyczów – Uhrynów;1;ruch graniczny;liczbowa;ruch graniczny w drogowych przejściach granicznych
207;3;1;1;37634;207;2024;3;Kwartał III;7;lipiec;1;sztuka;szt.;liczba pojazdów;1;3;południowo-wschodni;Ukraina;Dorohusk – Jagodzin;1;ruch graniczny;liczbowa;ruch graniczny w drogowych przejściach granicznych
207;4;1;1;44682;207;2024;3;Kwartał III;7;lipiec;1;sztuka;szt.;liczba pojazdów;1;4;południowo-wschodni;Ukraina;Hrebenne – Rawa Ruska;1;ruch graniczny;liczbowa;ruch graniczny w drogowych przejściach granicznych
207;5;1;1;77702;207;2024;3;Kwartał III;7;lipiec;1;sztuka;szt.;liczba pojazdów;1;5;południowo-wschodni;Ukraina;Korczowa – Krakowiec;1;ruch graniczny;liczbowa;ruch graniczny w drogowych przejściach granicznych
207;6;1;1;17908;207;2024;3;Kwartał III;7;lipiec;1;sztuka;szt.;liczba pojazdów;1;6;południowo-wschodni;Ukraina;Krościenko – Smolnica;1;ruch graniczny;liczbowa;ruch graniczny w drogowych przejściach granicznych
207;7;1;1;3037;207;2024;3;Kwartał III;7;lipiec;1;sztuka;szt.;liczba pojazdów;1;7;południowo-wschodni;Ukraina;Malhowice – Niżankowice;1;ruch graniczny;liczbowa;ruch graniczny w drogowych przejściach granicznych
207;8;1;1;71103;207;2024;3;Kwartał III;7;lipiec;1;sztuka;szt.;liczba pojazdów;1;8;południowo-wschodni;Ukraina;Medyka – Szeginie;1;ruch graniczny;liczbowa;ruch graniczny w drogowych przejściach granicznych
207;9;1;1;32459;207;2024;3;Kwartał III;7;lipiec;1;sztuka;szt.;liczba pojazdów;1;9;południowo-wschodni;Ukraina;Zosin – Ustiług;1;ruch graniczny;liczbowa;ruch graniczny w drogowych przejściach granicznych
207;10;1;1;0;207;2024;3;Kwartał III;7;lipiec;1;sztuka;szt.;liczba pojazdów;1;10;wschodni;Białoruś;Bobrowniki – Bierestowica;1;ruch graniczny;liczbowa;ruch graniczny w drogowych przejściach granicznych
207;11;1;1;40304;207;2024;3;Kwartał III;7;lipiec;1;sztuka;szt.;liczba pojazdów;1;11;wschodni;Białoruś;Kukuryki – Kozłowiczy;1;ruch graniczny;liczbowa;ruch graniczny w drogowych przejściach granicznych
207;12;1;1;0;207;2024;3;Kwartał III;7;lipiec;1;sztuka;szt.;liczba pojazdów;1;12;wschodni;Białoruś;Kuźnica – Bruzgi;1;ruch graniczny;liczbowa;ruch graniczny w drogowych przejściach granicznych
207;13;1;1;0;207;2024;3;Kwartał III;7;lipiec;1;sztuka;szt.;liczba pojazdów;1;13;wschodni;Białoruś;Lipszczany – Sofijewo *);1;ruch graniczny;liczbowa;ruch graniczny w drogowych przejściach granicznych
207;14;1;1;0;207;2024;3;Kwartał III;7;lipiec;1;sztuka;szt.;liczba pojazdów;1;14;wschodni;Białoruś;Połowce – Pieszczatka;1;ruch graniczny;liczbowa;ruch graniczny w drogowych przejściach granicznych
207;15;1;1;0;207;2024;3;Kwartał III;7;lipiec;1;sztuka;szt.;liczba pojazdów;1;15;wschodni;Białoruś;Sławatycze – Domaczewo;1;ruch graniczny;liczbowa;ruch graniczny w drogowych przejściach granicznych
207;16;1;1;44071;207;2024;3;Kwartał III;7;lipiec;1;sztuka;szt.;liczba pojazdów;1;16;wschodni;Białoruś;Terespol – Brześć;1;ruch graniczny;liczbowa;ruch graniczny w drogowych przejściach granicznych
207;17;1;1;7940;207;2024;3;Kwartał III;7;lipiec;1;sztuka;szt.;liczba pojazdów;1;17;północny;Rosja;Bezledy – Bagrationowsk;1;ruch graniczny;liczbowa;ruch graniczny w drogowych przejściach granicznych
207;18;1;1;0;207;2024;3;Kwartał III;7;lipiec;1;sztuka;szt.;liczba pojazdów;1;18;północny;Rosja;Gołdap – Gusiew;1;ruch graniczny;liczbowa;ruch graniczny w drogowych przejściach granicznych
207;19;1;1;0;207;2024;3;Kwartał III;7;lipiec;1;sztuka;szt.;liczba pojazdów;1;19;północny;Rosja;Gronowo – Mamonowo;1;ruch graniczny;liczbowa;ruch graniczny w drogowych przejściach granicznych
207;20;1;1;19353;207;2024;3;Kwartał III;7;lipiec;1;sztuka;szt.;liczba pojazdów;1;20;północny;Rosja;Grzechotki – Mamonowo II;1;ruch graniczny;liczbowa;ruch graniczny w drogowych przejściach granicznych
207;21;1;1;0;207;2024;3;Kwartał III;7;lipiec;1;sztuka;szt.;liczba pojazdów;1;21;północny;Rosja;Michałkowo – Żeleznodorożnyj ;1;ruch graniczny;liczbowa;ruch graniczny w drogowych przejściach granicznych
208;1;1;1;26972;208;2024;3;Kwartał III;8;sierpień;1;sztuka;szt.;liczba pojazdów;1;1;południowo-wschodni;Ukraina;Budomierz – Hruszew;1;ruch graniczny;liczbowa;ruch graniczny w drogowych przejściach granicznych
208;2;1;1;27764;208;2024;3;Kwartał III;8;sierpień;1;sztuka;szt.;liczba pojazdów;1;2;południowo-wschodni;Ukraina;Dołhobyczów – Uhrynów;1;ruch graniczny;liczbowa;ruch graniczny w drogowych przejściach granicznych
208;3;1;1;35612;208;2024;3;Kwartał III;8;sierpień;1;sztuka;szt.;liczba pojazdów;1;3;południowo-wschodni;Ukraina;Dorohusk – Jagodzin;1;ruch graniczny;liczbowa;ruch graniczny w drogowych przejściach granicznych
208;4;1;1;48546;208;2024;3;Kwartał III;8;sierpień;1;sztuka;szt.;liczba pojazdów;1;4;południowo-wschodni;Ukraina;Hrebenne – Rawa Ruska;1;ruch graniczny;liczbowa;ruch graniczny w drogowych przejściach granicznych
208;5;1;1;81014;208;2024;3;Kwartał III;8;sierpień;1;sztuka;szt.;liczba pojazdów;1;5;południowo-wschodni;Ukraina;Korczowa – Krakowiec;1;ruch graniczny;liczbowa;ruch graniczny w drogowych przejściach granicznych
208;6;1;1;19332;208;2024;3;Kwartał III;8;sierpień;1;sztuka;szt.;liczba pojazdów;1;6;południowo-wschodni;Ukraina;Krościenko – Smolnica;1;ruch graniczny;liczbowa;ruch graniczny w drogowych przejściach granicznych
208;7;1;1;3898;208;2024;3;Kwartał III;8;sierpień;1;sztuka;szt.;liczba pojazdów;1;7;południowo-wschodni;Ukraina;Malhowice – Niżankowice;1;ruch graniczny;liczbowa;ruch graniczny w drogowych przejściach granicznych
208;8;1;1;72330;208;2024;3;Kwartał III;8;sierpień;1;sztuka;szt.;liczba pojazdów;1;8;południowo-wschodni;Ukraina;Medyka – Szeginie;1;ruch graniczny;liczbowa;ruch graniczny w drogowych przejściach granicznych
208;9;1;1;34181;208;2024;3;Kwartał III;8;sierpień;1;sztuka;szt.;liczba pojazdów;1;9;południowo-wschodni;Ukraina;Zosin – Ustiług;1;ruch graniczny;liczbowa;ruch graniczny w drogowych przejściach granicznych
208;10;1;1;0;208;2024;3;Kwartał III;8;sierpień;1;sztuka;szt.;liczba pojazdów;1;10;wschodni;Białoruś;Bobrowniki – Bierestowica;1;ruch graniczny;liczbowa;ruch graniczny w drogowych przejściach granicznych
208;11;1;1;37011;208;2024;3;Kwartał III;8;sierpień;1;sztuka;szt.;liczba pojazdów;1;11;wschodni;Białoruś;Kukuryki – Kozłowiczy;1;ruch graniczny;liczbowa;ruch graniczny w drogowych przejściach granicznych
208;12;1;1;0;208;2024;3;Kwartał III;8;sierpień;1;sztuka;szt.;liczba pojazdów;1;12;wschodni;Białoruś;Kuźnica – Bruzgi;1;ruch graniczny;liczbowa;ruch graniczny w drogowych przejściach granicznych
208;13;1;1;0;208;2024;3;Kwartał III;8;sierpień;1;sztuka;szt.;liczba pojazdów;1;13;wschodni;Białoruś;Lipszczany – Sofijewo *);1;ruch graniczny;liczbowa;ruch graniczny w drogowych przejściach granicznych
208;14;1;1;0;208;2024;3;Kwartał III;8;sierpień;1;sztuka;szt.;liczba pojazdów;1;14;wschodni;Białoruś;Połowce – Pieszczatka;1;ruch graniczny;liczbowa;ruch graniczny w drogowych przejściach granicznych
208;15;1;1;0;208;2024;3;Kwartał III;8;sierpień;1;sztuka;szt.;liczba pojazdów;1;15;wschodni;Białoruś;Sławatycze – Domaczewo;1;ruch graniczny;liczbowa;ruch graniczny w drogowych przejściach granicznych
208;16;1;1;42339;208;2024;3;Kwartał III;8;sierpień;1;sztuka;szt.;liczba pojazdów;1;16;wschodni;Białoruś;Terespol – Brześć;1;ruch graniczny;liczbowa;ruch graniczny w drogowych przejściach granicznych
208;17;1;1;7619;208;2024;3;Kwartał III;8;sierpień;1;sztuka;szt.;liczba pojazdów;1;17;północny;Rosja;Bezledy – Bagrationowsk;1;ruch graniczny;liczbowa;ruch graniczny w drogowych przejściach granicznych
208;18;1;1;0;208;2024;3;Kwartał III;8;sierpień;1;sztuka;szt.;liczba pojazdów;1;18;północny;Rosja;Gołdap – Gusiew;1;ruch graniczny;liczbowa;ruch graniczny w drogowych przejściach granicznych
208;19;1;1;0;208;2024;3;Kwartał III;8;sierpień;1;sztuka;szt.;liczba pojazdów;1;19;północny;Rosja;Gronowo – Mamonowo;1;ruch graniczny;liczbowa;ruch graniczny w drogowych przejściach granicznych
208;20;1;1;17636;208;2024;3;Kwartał III;8;sierpień;1;sztuka;szt.;liczba pojazdów;1;20;północny;Rosja;Grzechotki – Mamonowo II;1;ruch graniczny;liczbowa;ruch graniczny w drogowych przejściach granicznych
208;21;1;1;0;208;2024;3;Kwartał III;8;sierpień;1;sztuka;szt.;liczba pojazdów;1;21;północny;Rosja;Michałkowo – Żeleznodorożnyj ;1;ruch graniczny;liczbowa;ruch graniczny w drogowych przejściach granicznych
209;1;1;1;22064;209;2024;3;Kwartał III;9;wrzesień;1;sztuka;szt.;liczba pojazdów;1;1;południowo-wschodni;Ukraina;Budomierz – Hruszew;1;ruch graniczny;liczbowa;ruch graniczny w drogowych przejściach granicznych
209;2;1;1;25606;209;2024;3;Kwartał III;9;wrzesień;1;sztuka;szt.;liczba pojazdów;1;2;południowo-wschodni;Ukraina;Dołhobyczów – Uhrynów;1;ruch graniczny;liczbowa;ruch graniczny w drogowych przejściach granicznych
209;3;1;1;33408;209;2024;3;Kwartał III;9;wrzesień;1;sztuka;szt.;liczba pojazdów;1;3;południowo-wschodni;Ukraina;Dorohusk – Jagodzin;1;ruch graniczny;liczbowa;ruch graniczny w drogowych przejściach granicznych
209;4;1;1;43725;209;2024;3;Kwartał III;9;wrzesień;1;sztuka;szt.;liczba pojazdów;1;4;południowo-wschodni;Ukraina;Hrebenne – Rawa Ruska;1;ruch graniczny;liczbowa;ruch graniczny w drogowych przejściach granicznych
209;5;1;1;75547;209;2024;3;Kwartał III;9;wrzesień;1;sztuka;szt.;liczba pojazdów;1;5;południowo-wschodni;Ukraina;Korczowa – Krakowiec;1;ruch graniczny;liczbowa;ruch graniczny w drogowych przejściach granicznych
209;6;1;1;15562;209;2024;3;Kwartał III;9;wrzesień;1;sztuka;szt.;liczba pojazdów;1;6;południowo-wschodni;Ukraina;Krościenko – Smolnica;1;ruch graniczny;liczbowa;ruch graniczny w drogowych przejściach granicznych
209;7;1;1;5334;209;2024;3;Kwartał III;9;wrzesień;1;sztuka;szt.;liczba pojazdów;1;7;południowo-wschodni;Ukraina;Malhowice – Niżankowice;1;ruch graniczny;liczbowa;ruch graniczny w drogowych przejściach granicznych
209;8;1;1;67252;209;2024;3;Kwartał III;9;wrzesień;1;sztuka;szt.;liczba pojazdów;1;8;południowo-wschodni;Ukraina;Medyka – Szeginie;1;ruch graniczny;liczbowa;ruch graniczny w drogowych przejściach granicznych
209;9;1;1;31120;209;2024;3;Kwartał III;9;wrzesień;1;sztuka;szt.;liczba pojazdów;1;9;południowo-wschodni;Ukraina;Zosin – Ustiług;1;ruch graniczny;liczbowa;ruch graniczny w drogowych przejściach granicznych
209;10;1;1;0;209;2024;3;Kwartał III;9;wrzesień;1;sztuka;szt.;liczba pojazdów;1;10;wschodni;Białoruś;Bobrowniki – Bierestowica;1;ruch graniczny;liczbowa;ruch graniczny w drogowych przejściach granicznych
209;11;1;1;39852;209;2024;3;Kwartał III;9;wrzesień;1;sztuka;szt.;liczba pojazdów;1;11;wschodni;Białoruś;Kukuryki – Kozłowiczy;1;ruch graniczny;liczbowa;ruch graniczny w drogowych przejściach granicznych
209;12;1;1;0;209;2024;3;Kwartał III;9;wrzesień;1;sztuka;szt.;liczba pojazdów;1;12;wschodni;Białoruś;Kuźnica – Bruzgi;1;ruch graniczny;liczbowa;ruch graniczny w drogowych przejściach granicznych
209;13;1;1;0;209;2024;3;Kwartał III;9;wrzesień;1;sztuka;szt.;liczba pojazdów;1;13;wschodni;Białoruś;Lipszczany – Sofijewo *);1;ruch graniczny;liczbowa;ruch graniczny w drogowych przejściach granicznych
209;14;1;1;0;209;2024;3;Kwartał III;9;wrzesień;1;sztuka;szt.;liczba pojazdów;1;14;wschodni;Białoruś;Połowce – Pieszczatka;1;ruch graniczny;liczbowa;ruch graniczny w drogowych przejściach granicznych
209;15;1;1;0;209;2024;3;Kwartał III;9;wrzesień;1;sztuka;szt.;liczba pojazdów;1;15;wschodni;Białoruś;Sławatycze – Domaczewo;1;ruch graniczny;liczbowa;ruch graniczny w drogowych przejściach granicznych
209;16;1;1;39396;209;2024;3;Kwartał III;9;wrzesień;1;sztuka;szt.;liczba pojazdów;1;16;wschodni;Białoruś;Terespol – Brześć;1;ruch graniczny;liczbowa;ruch graniczny w drogowych przejściach granicznych
209;17;1;1;3959;209;2024;3;Kwartał III;9;wrzesień;1;sztuka;szt.;liczba pojazdów;1;17;północny;Rosja;Bezledy – Bagrationowsk;1;ruch graniczny;liczbowa;ruch graniczny w drogowych przejściach granicznych
209;18;1;1;0;209;2024;3;Kwartał III;9;wrzesień;1;sztuka;szt.;liczba pojazdów;1;18;północny;Rosja;Gołdap – Gusiew;1;ruch graniczny;liczbowa;ruch graniczny w drogowych przejściach granicznych
209;19;1;1;0;209;2024;3;Kwartał III;9;wrzesień;1;sztuka;szt.;liczba pojazdów;1;19;północny;Rosja;Gronowo – Mamonowo;1;ruch graniczny;liczbowa;ruch graniczny w drogowych przejściach granicznych
209;20;1;1;16359;209;2024;3;Kwartał III;9;wrzesień;1;sztuka;szt.;liczba pojazdów;1;20;północny;Rosja;Grzechotki – Mamonowo II;1;ruch graniczny;liczbowa;ruch graniczny w drogowych przejściach granicznych
209;21;1;1;0;209;2024;3;Kwartał III;9;wrzesień;1;sztuka;szt.;liczba pojazdów;1;21;północny;Rosja;Michałkowo – Żeleznodorożnyj ;1;ruch graniczny;liczbowa;ruch graniczny w drogowych przejściach granicznych
